agency_code,agency_pool_num,surv_year,pool_id,code,name,street,city,zip,region,site_code,site_name,site_street,site_city,site_zip,site_region,calculated_neighborhood,calculated_neighborhood_distance,calculated_city,calculated_city_distance,calculated_subcounty,calculated_county,calculated_state,longitude,latitude,collection_date,disease_week,trap_type,species,sex,sex_condition,num_count,other_sites,group,arthro_pool_test_id,test_agency_code,test_date,test_method,test_target,test_status
LPAZ,6,2026,2081796,37,Cibola National Refuge Visitor Center,,Cibola,85328,"La Paz County (Arizona, USA)",37,Cibola National Refuge Visitor Center,,,85328,"La Paz County (Arizona, USA)",,,Cibola,0,Parker,La Paz,Arizona,-114.669317,33.363262,2026-05-13,19,CO2,Culex tarsalis,female,Females - Unfed,25,,,4824708,LPAZ,2026-05-14,RAMP,WNV,Confirmed
LPAZ,6,2026,2081796,37,Cibola National Refuge Visitor Center,,Cibola,85328,"La Paz County (Arizona, USA)",37,Cibola National Refuge Visitor Center,,,85328,"La Paz County (Arizona, USA)",,,Cibola,0,Parker,La Paz,Arizona,-114.669317,33.363262,2026-05-13,19,CO2,Culex tarsalis,female,Females - Unfed,25,,,4829115,ADHS,2026-05-18,RTPCR,WNV,Confirmed
MCVC,261664,2026,2030988,960,RT941,SW OF 3813 E MENLO ST,MESA,85215,"Maricopa County (Arizona, USA)",960,RT941,SW OF 3813 E MENLO ST,MESA,85215,"Maricopa County (Arizona, USA)",,,Mesa,0,Phoenix,Maricopa,Arizona,-111.74313,33.45875,2026-02-03,5,CO2-EVS,Culex tarsalis,female,Females - Mixed,2,,,4691612,MCVC,2026-02-04,PCR,WNV,Confirmed
MCVC,261868,2026,2031279,960,RT941,SW OF 3813 E MENLO ST,MESA,85215,"Maricopa County (Arizona, USA)",960,RT941,SW OF 3813 E MENLO ST,MESA,85215,"Maricopa County (Arizona, USA)",,,Mesa,0,Phoenix,Maricopa,Arizona,-111.74313,33.45875,2026-02-03,5,CO2-EVS,Culex quinquefasciatus,female,Females - Mixed,2,,,4692207,MCVC,2026-02-04,PCR,WNV,Confirmed
MCVC,262225,2026,2033236,486,RT436,NW END OF BROOKS FARM ROAD,GILBERT,85298,"Maricopa County (Arizona, USA)",486,RT436,NW END OF BROOKS FARM ROAD,GILBERT,85298,"Maricopa County (Arizona, USA)",,,Gilbert,0,Chandler,Maricopa,Arizona,-111.71041,33.24105,2026-02-10,6,CO2-EVS,Culex tarsalis,female,Females - Mixed,51,,,4696018,MCVC,2026-02-10,PCR,SLEV,Confirmed
MCVC,263966,2026,2058310,436,RT380,NWC OF 44TH CT & CHOLLA DR,PHOENIX,85028,"Maricopa County (Arizona, USA)",436,RT380,NWC OF 44TH CT & CHOLLA DR,PHOENIX,85028,"Maricopa County (Arizona, USA)",,,Phoenix,0,Phoenix,Maricopa,Arizona,-111.98694,33.59004,2026-03-25,12,CO2-EVS,Culex tarsalis,female,Females - Mixed,2,,,4755328,MCVC,2026-03-25,PCR,WNV,Confirmed
MCVC,264460,2026,2058539,230,RT126,7520 N 46TH DR,GLENDALE,85301,"Maricopa County (Arizona, USA)",230,RT126,7520 N 46TH DR,GLENDALE,85301,"Maricopa County (Arizona, USA)",,,Glendale,0,Phoenix,Maricopa,Arizona,-112.15859,33.54669,2026-03-25,12,CO2-EVS,Culex tarsalis,female,Females - Mixed,2,,,4755790,MCVC,2026-03-26,PCR,SLEV,Confirmed
MCVC,265858,2026,2058365,627,RT59,11644 N 25TH AVE,PHOENIX,85029,"Maricopa County (Arizona, USA)",627,RT59,11644 N 25TH AVE,PHOENIX,85029,"Maricopa County (Arizona, USA)",,,Phoenix,0,Phoenix,Maricopa,Arizona,-112.10898,33.58761,2026-03-24,12,CO2-EVS,Culex quinquefasciatus,female,Females - Mixed,2,,,4755439,MCVC,2026-03-24,PCR,WNV,Confirmed
MCVC,267231,2026,2058592,523,RT483,SWC OF N COYOTE LAKES & N 115TH DR,SURPRISE,85374,"Maricopa County (Arizona, USA)",523,RT483,SWC OF N COYOTE LAKES & N 115TH DR,SURPRISE,85374,"Maricopa County (Arizona, USA)",,,Surprise,0,Phoenix,Maricopa,Arizona,-112.30791,33.65905,2026-03-27,12,CO2-EVS,Culex tarsalis,female,Females - Mixed,107,,,4755900,MCVC,2026-03-27,PCR,WNV,Confirmed
MCVC,267620,2026,2058727,550,RT510,SWC OF WOODGLEN PARK,MESA,85210,"Maricopa County (Arizona, USA)",550,RT510,SWC OF WOODGLEN PARK,MESA,85210,"Maricopa County (Arizona, USA)",,,Mesa,0,Phoenix,Maricopa,Arizona,-111.85609,33.37176,2026-03-27,12,CO2-EVS,Culex tarsalis,female,Females - Mixed,4,,,4756183,MCVC,2026-03-27,PCR,WNV,Confirmed
MCVC,267663,2026,2063728,627,RT59,11644 N 25TH AVE,PHOENIX,85029,"Maricopa County (Arizona, USA)",627,RT59,11644 N 25TH AVE,PHOENIX,85029,"Maricopa County (Arizona, USA)",,,Phoenix,0,Phoenix,Maricopa,Arizona,-112.10898,33.58761,2026-04-07,14,CO2-EVS,Culex tarsalis,female,Females - Mixed,6,,,4766508,MCVC,2026-04-07,PCR,WNV,Confirmed
MCVC,267682,2026,2063480,321,RT256,7030 W ROESER RD,MARICOPA COUNTY,85339,"Maricopa County (Arizona, USA)",321,RT256,7030 W ROESER RD,MARICOPA COUNTY,85339,"Maricopa County (Arizona, USA)",,,Phoenix,393.6641233,Phoenix,Maricopa,Arizona,-112.21196,33.40109,2026-04-07,14,CO2-EVS,Culex tarsalis,female,Females - Mixed,76,,,4766000,MCVC,2026-04-08,PCR,SLEV,Confirmed
MCVC,267682,2026,2063480,321,RT256,7030 W ROESER RD,MARICOPA COUNTY,85339,"Maricopa County (Arizona, USA)",321,RT256,7030 W ROESER RD,MARICOPA COUNTY,85339,"Maricopa County (Arizona, USA)",,,Phoenix,393.6641233,Phoenix,Maricopa,Arizona,-112.21196,33.40109,2026-04-07,14,CO2-EVS,Culex tarsalis,female,Females - Mixed,76,,,4765999,MCVC,2026-04-08,PCR,WNV,Confirmed
MCVC,267702,2026,2063785,523,RT483,SWC OF N COYOTE LAKES & N 115TH DR,SURPRISE,85374,"Maricopa County (Arizona, USA)",523,RT483,SWC OF N COYOTE LAKES & N 115TH DR,SURPRISE,85374,"Maricopa County (Arizona, USA)",,,Surprise,0,Phoenix,Maricopa,Arizona,-112.30791,33.65905,2026-04-08,14,CO2-EVS,Culex tarsalis,female,Females - Mixed,141,,,4766627,MCVC,2026-04-08,PCR,SLEV,Confirmed
MCVC,267771,2026,2063466,329,RT266,E OF 7915 W WILLIAMS ST,PHOENIX,85043,"Maricopa County (Arizona, USA)",329,RT266,E OF 7915 W WILLIAMS ST,PHOENIX,85043,"Maricopa County (Arizona, USA)",,,Phoenix,0,Phoenix,Maricopa,Arizona,-112.2297,33.4159,2026-04-07,14,CO2-EVS,Culex quinquefasciatus,female,Females - Mixed,2,,,4765972,MCVC,2026-04-08,PCR,SLEV,Confirmed
MCVC,267801,2026,2063472,347,RT290,UTILITY EASEMENT N OF MESQUITE ST & 31ST ST,GILBERT,85296,"Maricopa County (Arizona, USA)",347,RT290,UTILITY EASEMENT N OF MESQUITE ST & 31ST ST,GILBERT,85296,"Maricopa County (Arizona, USA)",,,Gilbert,0,Phoenix,Maricopa,Arizona,-111.76439,33.34332,2026-04-07,14,CO2-EVS,Culex quinquefasciatus,female,Females - Mixed,3,,,4765984,MCVC,2026-04-07,PCR,SLEV,Confirmed
MCVC,267840,2026,2063791,523,RT483,SWC OF N COYOTE LAKES & N 115TH DR,SURPRISE,85374,"Maricopa County (Arizona, USA)",523,RT483,SWC OF N COYOTE LAKES & N 115TH DR,SURPRISE,85374,"Maricopa County (Arizona, USA)",,,Surprise,0,Phoenix,Maricopa,Arizona,-112.30791,33.65905,2026-04-08,14,CO2-EVS,Culex tarsalis,female,Females - Mixed,141,,,4766640,MCVC,2026-04-08,PCR,WNV,Confirmed
MCVC,267942,2026,2063493,311,RT242,0.2 MILES W OF RT243,SRPMIC,85256,"Maricopa County (Arizona, USA)",311,RT242,0.2 MILES W OF RT243,SRPMIC,85256,"Maricopa County (Arizona, USA)",,,Mesa,151.281382,Salt River,Maricopa,Arizona,-111.87304,33.4408,2026-04-07,14,CO2-EVS,Culex tarsalis,female,Females - Mixed,45,,,4766026,MCVC,2026-04-07,PCR,WNV,Confirmed
MCVC,268031,2026,2063792,523,RT483,SWC OF N COYOTE LAKES & N 115TH DR,SURPRISE,85374,"Maricopa County (Arizona, USA)",523,RT483,SWC OF N COYOTE LAKES & N 115TH DR,SURPRISE,85374,"Maricopa County (Arizona, USA)",,,Surprise,0,Phoenix,Maricopa,Arizona,-112.30791,33.65905,2026-04-08,14,CO2-EVS,Culex tarsalis,female,Females - Mixed,141,,,4766642,MCVC,2026-04-08,PCR,SLEV,Confirmed
MCVC,268040,2026,2061088,536,RT495,3514 W GROVE ST,PHOENIX,85041,"Maricopa County (Arizona, USA)",536,RT495,3514 W GROVE ST,PHOENIX,85041,"Maricopa County (Arizona, USA)",,,Phoenix,0,Phoenix,Maricopa,Arizona,-112.14178,33.39894,2026-04-01,13,CO2-EVS,Culex tarsalis,female,Females - Mixed,4,,,4759462,MCVC,2026-04-02,PCR,SLEV,Confirmed
MCVC,268107,2026,2063737,746,RT727,11852 W DONALD DR JUST BEHIND ADDRESS,SUN CITY,85373,"Maricopa County (Arizona, USA)",746,RT727,11852 W DONALD DR JUST BEHIND ADDRESS,SUN CITY,85373,"Maricopa County (Arizona, USA)",,,Peoria,2035.590022,Wickenburg,Maricopa,Arizona,-112.31623,33.68925,2026-04-09,14,CO2-EVS,Culex tarsalis,female,Females - Mixed,3,,,4766527,MCVC,2026-04-09,PCR,WNV,Confirmed
MCVC,268175,2026,2065930,573,RT536,S OF 10851 W HARMONY LN,PEORIA,85373,"Maricopa County (Arizona, USA)",573,RT536,S OF 10851 W HARMONY LN,PEORIA,85373,"Maricopa County (Arizona, USA)",,,Peoria,0,Deer Valley,Maricopa,Arizona,-112.29408,33.67475,2026-04-15,15,CO2-EVS,Culex tarsalis,female,Females - Mixed,2,,,4771669,MCVC,2026-04-15,PCR,SLEV,Confirmed
MCVC,268186,2026,2068436,316,RT249,5740 W BASELINE ROAD,LAVEEN,85339,"Maricopa County (Arizona, USA)",316,RT249,5740 W BASELINE ROAD,LAVEEN,85339,"Maricopa County (Arizona, USA)",,,Phoenix,0,Phoenix,Maricopa,Arizona,-112.18127,33.37934,2026-04-22,16,CO2-EVS,Culex tarsalis,female,Females - Mixed,1,,,4776072,MCVC,2026-04-22,PCR,WNV,Confirmed
MCVC,268193,2026,2065927,610,RT571,925 N HARRIS,MESA,85203,"Maricopa County (Arizona, USA)",610,RT571,925 N HARRIS,MESA,85203,"Maricopa County (Arizona, USA)",,,Mesa,0,Phoenix,Maricopa,Arizona,-111.79553,33.43248,2026-04-15,15,CO2-EVS,Culex quinquefasciatus,female,Females - Mixed,1,,,4771662,MCVC,2026-04-15,PCR,WNV,Confirmed
MCVC,268200,2026,2063816,231,RT127,6515 N 39TH AVE,PHOENIX,85019,"Maricopa County (Arizona, USA)",231,RT127,6515 N 39TH AVE,PHOENIX,85019,"Maricopa County (Arizona, USA)",,,Phoenix,0,Phoenix,Maricopa,Arizona,-112.14207,33.53229,2026-04-10,14,CO2-EVS,Culex tarsalis,female,Females - Mixed,2,,,4766690,MCVC,2026-04-10,PCR,WNV,Confirmed
MCVC,268228,2026,2065864,311,RT242,0.2 MILES W OF RT243,SRPMIC,85256,"Maricopa County (Arizona, USA)",311,RT242,0.2 MILES W OF RT243,SRPMIC,85256,"Maricopa County (Arizona, USA)",,,Mesa,151.281382,Salt River,Maricopa,Arizona,-111.87304,33.4408,2026-04-14,15,CO2-EVS,Culex tarsalis,female,Females - Mixed,60,,,4771531,MCVC,2026-04-15,PCR,WNV,Confirmed
MCVC,268241,2026,2065965,322,RT259,NEC OF DYSART & SOUTHERN (ON POLE BY HORSE FENCE),MARICOPA COUNTY,85323,"Maricopa County (Arizona, USA)",322,RT259,NEC OF DYSART & SOUTHERN (ON POLE BY HORSE FENCE),MARICOPA COUNTY,85323,"Maricopa County (Arizona, USA)",,,Goodyear,2375.772585,Phoenix,Maricopa,Arizona,-112.33168,33.39776,2026-04-15,15,CO2-EVS,Culex tarsalis,female,Females - Mixed,93,,,4771741,MCVC,2026-04-15,PCR,SLEV,Confirmed
MCVC,268245,2026,2068305,635,RT597,MOUNTAIN VIEW RD & 34TH ST,PHOENIX,85028,"Maricopa County (Arizona, USA)",635,RT597,MOUNTAIN VIEW RD & 34TH ST,PHOENIX,85028,"Maricopa County (Arizona, USA)",,,Phoenix,0,Phoenix,Maricopa,Arizona,-112.00882,33.57518,2026-04-22,16,CO2-EVS,Culex tarsalis,female,Females - Mixed,1,,,4775803,MCVC,2026-04-22,PCR,WNV,Confirmed
MCVC,268351,2026,2068722,623,RT586,4432 N 30TH ST. EAST OF,PHOENIX,85016,"Maricopa County (Arizona, USA)",623,RT586,4432 N 30TH ST. EAST OF,PHOENIX,85016,"Maricopa County (Arizona, USA)",,,Phoenix,0,Phoenix,Maricopa,Arizona,-112.01957,33.50063,2026-04-21,16,CO2-EVS,Culex quinquefasciatus,female,Females - Mixed,9,,,4776662,MCVC,2026-04-21,PCR,WNV,Confirmed
MCVC,268354,2026,2063589,324,RT260,11898 W ATLANTA AVE (FRONT OF HOUSE ON POLE),MARICOPA COUNTY,85353,"Maricopa County (Arizona, USA)",324,RT260,11898 W ATLANTA AVE (FRONT OF HOUSE ON POLE),MARICOPA COUNTY,85353,"Maricopa County (Arizona, USA)",,,Phoenix,2471.675945,Phoenix,Maricopa,Arizona,-112.31574,33.39683,2026-04-09,14,CO2-EVS,Culex tarsalis,female,Females - Mixed,4,,,4766222,MCVC,2026-04-10,PCR,SLEV,Confirmed
MCVC,268355,2026,2065797,846,RT834,1006 W BOSAL DR,GILBERT,85233,"Maricopa County (Arizona, USA)",846,RT834,1006 W BOSAL DR,GILBERT,85233,"Maricopa County (Arizona, USA)",,,Gilbert,0,Phoenix,Maricopa,Arizona,-111.81735,33.34181,2026-04-15,15,CO2-EVS,Culex tarsalis,female,Females - Mixed,2,,,4771390,MCVC,2026-04-15,PCR,SLEV,Confirmed
MCVC,268358,2026,2063769,973,RT96,11146 W HIDALGO AVE,TOLLESON,85353,"Maricopa County (Arizona, USA)",973,RT96,11146 W HIDALGO AVE,TOLLESON,85353,"Maricopa County (Arizona, USA)",,,Phoenix,1201.285797,Phoenix,Maricopa,Arizona,-112.30204,33.3989,2026-04-09,14,CO2-EVS,Culex tarsalis,female,Females - Mixed,9,,,4766594,MCVC,2026-04-10,PCR,WNV,Confirmed
MCVC,268363,2026,2063606,984,RT971,3828 W SELDON LN,PHOENIX,85051,"Maricopa County (Arizona, USA)",984,RT971,3828 W SELDON LN,PHOENIX,85051,"Maricopa County (Arizona, USA)",,,Phoenix,0,Phoenix,Maricopa,Arizona,-112.14188,33.56114,2026-04-09,14,CO2-EVS,Culex tarsalis,female,Females - Mixed,1,,,4766256,MCVC,2026-04-09,PCR,WNV,Confirmed
MCVC,268414,2026,2065856,430,RT374,E OF 4213 E NISBET RD,PHOENIX,85032,"Maricopa County (Arizona, USA)",430,RT374,E OF 4213 E NISBET RD,PHOENIX,85032,"Maricopa County (Arizona, USA)",,,Phoenix,0,Phoenix,Maricopa,Arizona,-111.99083,33.62245,2026-04-15,15,CO2-EVS,Culex quinquefasciatus,female,Females - Mixed,1,,,4771514,MCVC,2026-04-15,PCR,WNV,Confirmed
MCVC,268431,2026,2065653,685,RT660,E OF 576 N SAGUARO ST,CHANDLER,85224,"Maricopa County (Arizona, USA)",685,RT660,E OF 576 N SAGUARO ST,CHANDLER,85224,"Maricopa County (Arizona, USA)",,,Chandler,0,Chandler,Maricopa,Arizona,-111.86787,33.31328,2026-04-14,15,CO2-EVS,Culex tarsalis,female,Females - Mixed,1,,,4771092,MCVC,2026-04-14,PCR,SLEV,Confirmed
MCVC,268432,2026,2063648,322,RT259,NEC OF DYSART & SOUTHERN (ON POLE BY HORSE FENCE),MARICOPA COUNTY,85323,"Maricopa County (Arizona, USA)",322,RT259,NEC OF DYSART & SOUTHERN (ON POLE BY HORSE FENCE),MARICOPA COUNTY,85323,"Maricopa County (Arizona, USA)",,,Goodyear,2375.772585,Phoenix,Maricopa,Arizona,-112.33168,33.39776,2026-04-09,14,CO2-EVS,Culex tarsalis,female,Females - Mixed,102,,,4766344,MCVC,2026-04-09,PCR,SLEV,Confirmed
MCVC,268438,2026,2063857,294,RT215,3141 W ECHO LN,PHOENIX,85051,"Maricopa County (Arizona, USA)",294,RT215,3141 W ECHO LN,PHOENIX,85051,"Maricopa County (Arizona, USA)",,,Phoenix,0,Phoenix,Maricopa,Arizona,-112.12714,33.55949,2026-04-09,14,CO2-EVS,Culex tarsalis,female,Females - Mixed,9,,,4766774,MCVC,2026-04-09,PCR,WNV,Confirmed
MCVC,268447,2026,2063669,322,RT259,NEC OF DYSART & SOUTHERN (ON POLE BY HORSE FENCE),MARICOPA COUNTY,85323,"Maricopa County (Arizona, USA)",322,RT259,NEC OF DYSART & SOUTHERN (ON POLE BY HORSE FENCE),MARICOPA COUNTY,85323,"Maricopa County (Arizona, USA)",,,Goodyear,2375.772585,Phoenix,Maricopa,Arizona,-112.33168,33.39776,2026-04-09,14,CO2-EVS,Culex tarsalis,female,Females - Mixed,102,,,4766386,MCVC,2026-04-09,PCR,WNV,Confirmed
MCVC,268492,2026,2065933,638,RT6,1502 S 24TH ST (S SIDE OF THE BUILDING) FIRE STATION,MESA,85204,"Maricopa County (Arizona, USA)",638,RT6,1502 S 24TH ST (S SIDE OF THE BUILDING) FIRE STATION,MESA,85204,"Maricopa County (Arizona, USA)",,,Mesa,0,Phoenix,Maricopa,Arizona,-111.78039,33.38854,2026-04-15,15,CO2-EVS,Culex quinquefasciatus,female,Females - Mixed,5,,,4771675,MCVC,2026-04-15,PCR,SLEV,Confirmed
MCVC,268500,2026,2063925,715,RT693,1191 N FIESTA BLVD (BEHIND ADDRESS),GILBERT,85233,"Maricopa County (Arizona, USA)",715,RT693,1191 N FIESTA BLVD (BEHIND ADDRESS),GILBERT,85233,"Maricopa County (Arizona, USA)",,,Gilbert,0,Phoenix,Maricopa,Arizona,-111.8334,33.37066,2026-04-10,14,CO2-EVS,Culex tarsalis,female,Females - Mixed,2,,,4766912,MCVC,2026-04-10,PCR,SLEV,Confirmed
MCVC,268508,2026,2065783,757,RT739,E OF11408 N 60TH ST,SCOTTSDALE,85254,"Maricopa County (Arizona, USA)",757,RT739,E OF11408 N 60TH ST,SCOTTSDALE,85254,"Maricopa County (Arizona, USA)",,,Scottsdale,0,Phoenix,Maricopa,Arizona,-111.95189,33.58985,2026-04-15,15,CO2-EVS,Culex quinquefasciatus,female,Females - Mixed,2,,,4771359,MCVC,2026-04-15,PCR,WNV,Confirmed
MCVC,268518,2026,2063541,390,RT335,3925 W CAROL AVE,PHOENIX,85051,"Maricopa County (Arizona, USA)",390,RT335,3925 W CAROL AVE,PHOENIX,85051,"Maricopa County (Arizona, USA)",,,Phoenix,0,Phoenix,Maricopa,Arizona,-112.14395,33.57271,2026-04-09,14,CO2-EVS,Culex tarsalis,female,Females - Mixed,18,,,4766123,MCVC,2026-04-09,PCR,WNV,Confirmed
MCVC,268555,2026,2065972,312,RT243,0.1 MILE WEST OF RT244,SRPMIC,85256,"Maricopa County (Arizona, USA)",312,RT243,0.1 MILE WEST OF RT244,SRPMIC,85256,"Maricopa County (Arizona, USA)",,,Mesa,0,Salt River,Maricopa,Arizona,-111.88615,33.44002,2026-04-14,15,CO2-EVS,Culex tarsalis,female,Females - Mixed,14,,,4771755,MCVC,2026-04-15,PCR,WNV,Confirmed
MCVC,268568,2026,2063958,648,RT608,8638 E ONYX AVE,SCOTTSDALE,85258,"Maricopa County (Arizona, USA)",648,RT608,8638 E ONYX AVE,SCOTTSDALE,85258,"Maricopa County (Arizona, USA)",,,Scottsdale,0,Phoenix,Maricopa,Arizona,-111.89562,33.57524,2026-04-09,14,CO2-EVS,Culex quinquefasciatus,female,Females - Mixed,3,,,4766981,MCVC,2026-04-09,PCR,WNV,Confirmed
MCVC,268591,2026,2068728,351,RT295,ACOMA DR & 36TH ST,PHOENIX,85032,"Maricopa County (Arizona, USA)",351,RT295,ACOMA DR & 36TH ST,PHOENIX,85032,"Maricopa County (Arizona, USA)",,,Phoenix,0,Phoenix,Maricopa,Arizona,-112.00472,33.61896,2026-04-21,16,CO2-EVS,Culex quinquefasciatus,female,Females - Mixed,1,,,4776675,MCVC,2026-04-21,PCR,WNV,Confirmed
MCVC,268595,2026,2065657,547,RT507,S OF 3921 S KENNETH PL,TEMPE,85282,"Maricopa County (Arizona, USA)",547,RT507,S OF 3921 S KENNETH PL,TEMPE,85282,"Maricopa County (Arizona, USA)",,,Tempe,0,Phoenix,Maricopa,Arizona,-111.91789,33.38605,2026-04-14,15,CO2-EVS,Culex quinquefasciatus,female,Females - Mixed,3,,,4771100,MCVC,2026-04-14,PCR,WNV,Confirmed
MCVC,268602,2026,2068734,351,RT295,ACOMA DR & 36TH ST,PHOENIX,85032,"Maricopa County (Arizona, USA)",351,RT295,ACOMA DR & 36TH ST,PHOENIX,85032,"Maricopa County (Arizona, USA)",,,Phoenix,0,Phoenix,Maricopa,Arizona,-112.00472,33.61896,2026-04-21,16,CO2-EVS,Culex tarsalis,female,Females - Mixed,4,,,4776688,MCVC,2026-04-21,PCR,WNV,Confirmed
MCVC,268656,2026,2068686,883,RT868,2945 W GEORGIA,PHOENIX,85017,"Maricopa County (Arizona, USA)",883,RT868,2945 W GEORGIA,PHOENIX,85017,"Maricopa County (Arizona, USA)",,,Phoenix,0,Phoenix,Maricopa,Arizona,-112.12256,33.51486,2026-04-22,16,CO2-EVS,Culex tarsalis,female,Females - Mixed,1,,,4776587,MCVC,2026-04-22,PCR,SLEV,Confirmed
MCVC,268676,2026,2068650,334,RT275,S OF 6215 S 122ND AVE. TREE BY ROAD,TOLLESON,85353,"Maricopa County (Arizona, USA)",334,RT275,S OF 6215 S 122ND AVE. TREE BY ROAD,TOLLESON,85353,"Maricopa County (Arizona, USA)",,,Phoenix,2971.115494,Phoenix,Maricopa,Arizona,-112.32095,33.38904,2026-04-23,16,CO2-EVS,Culex tarsalis,female,Females - Mixed,2,,,4776514,MCVC,2026-04-23,PCR,SLEV,Confirmed
MCVC,268690,2026,2068584,310,RT241,0.4 MILES W OF RT242,SRPMIC,85256,"Maricopa County (Arizona, USA)",310,RT241,0.4 MILES W OF RT242,SRPMIC,85256,"Maricopa County (Arizona, USA)",,,Mesa,0,Salt River,Maricopa,Arizona,-111.88744,33.44,2026-04-23,16,CO2-EVS,Culex tarsalis,female,Females - Mixed,16,,,4776377,MCVC,2026-04-23,PCR,WNV,Confirmed
MCVC,268700,2026,2068372,627,RT59,11644 N 25TH AVE,PHOENIX,85029,"Maricopa County (Arizona, USA)",627,RT59,11644 N 25TH AVE,PHOENIX,85029,"Maricopa County (Arizona, USA)",,,Phoenix,0,Phoenix,Maricopa,Arizona,-112.10898,33.58761,2026-04-21,16,CO2-EVS,Culex quinquefasciatus,female,Females - Mixed,3,,,4775943,MCVC,2026-04-22,PCR,WNV,Confirmed
MCVC,268707,2026,2068695,364,RT307,NE OF 5321 W SAMANTHA WAY,LAVEEN,85339,"Maricopa County (Arizona, USA)",364,RT307,NE OF 5321 W SAMANTHA WAY,LAVEEN,85339,"Maricopa County (Arizona, USA)",,,Phoenix,0,Phoenix,Maricopa,Arizona,-112.17354,33.36726,2026-04-22,16,CO2-EVS,Culex quinquefasciatus,female,Females - Mixed,1,,,4776605,MCVC,2026-04-22,PCR,SLEV,Confirmed
MCVC,268724,2026,2068659,727,RT708,5045 E SHERIDAN ST,PHOENIX,85008,"Maricopa County (Arizona, USA)",727,RT708,5045 E SHERIDAN ST,PHOENIX,85008,"Maricopa County (Arizona, USA)",,,Phoenix,0,Phoenix,Maricopa,Arizona,-111.96844,33.47355,2026-04-22,16,CO2-EVS,Culex quinquefasciatus,female,Females - Mixed,1,,,4776533,MCVC,2026-04-22,PCR,WNV,Confirmed
MCVC,268740,2026,2065708,337,RT28,302 W LATHAM ST,PHOENIX,85003,"Maricopa County (Arizona, USA)",337,RT28,302 W LATHAM ST,PHOENIX,85003,"Maricopa County (Arizona, USA)",,,Phoenix,0,Phoenix,Maricopa,Arizona,-112.0733,33.45731,2026-04-15,15,CO2-EVS,Culex quinquefasciatus,female,Females - Mixed,3,,,4771202,MCVC,2026-04-15,PCR,WNV,Confirmed
MCVC,268744,2026,2068366,282,RT2,1426 S EXTENSION RD,MESA,85210,"Maricopa County (Arizona, USA)",282,RT2,1426 S EXTENSION RD,MESA,85210,"Maricopa County (Arizona, USA)",,,Mesa,0,Phoenix,Maricopa,Arizona,-111.8495,33.38924,2026-04-22,16,CO2-EVS,Culex tarsalis,female,Females - Mixed,4,,,4775930,MCVC,2026-04-22,PCR,SLEV,Confirmed
MCVC,268756,2026,2068541,647,RT607,10001 N 74TH PL,SCOTTSDALE,85258,"Maricopa County (Arizona, USA)",647,RT607,10001 N 74TH PL,SCOTTSDALE,85258,"Maricopa County (Arizona, USA)",,,Scottsdale,0,Phoenix,Maricopa,Arizona,-111.92006,33.57674,2026-04-23,16,CO2-EVS,Culex quinquefasciatus,female,Females - Mixed,4,,,4776290,MCVC,2026-04-23,PCR,WNV,Confirmed
MCVC,268763,2026,2068413,450,RT399,N OF 950 W 8TH AVE (IN PARK),MESA,85210,"Maricopa County (Arizona, USA)",450,RT399,N OF 950 W 8TH AVE (IN PARK),MESA,85210,"Maricopa County (Arizona, USA)",,,Mesa,0,Phoenix,Maricopa,Arizona,-111.85194,33.40176,2026-04-22,16,CO2-EVS,Culex tarsalis,female,Females - Mixed,2,,,4776025,MCVC,2026-04-22,PCR,WNV,Confirmed
MCVC,268786,2026,2068419,271,RT180,1303 S MILL AVE,TEMPE,85281,"Maricopa County (Arizona, USA)",271,RT180,1303 S MILL AVE,TEMPE,85281,"Maricopa County (Arizona, USA)",,,Tempe,0,Phoenix,Maricopa,Arizona,-111.93472,33.41351,2026-04-21,16,CO2-EVS,Culex quinquefasciatus,female,Females - Mixed,2,,,4776037,MCVC,2026-04-21,PCR,WNV,Confirmed
MCVC,268792,2026,2068581,311,RT242,0.2 MILES W OF RT243,SRPMIC,85256,"Maricopa County (Arizona, USA)",311,RT242,0.2 MILES W OF RT243,SRPMIC,85256,"Maricopa County (Arizona, USA)",,,Mesa,151.281382,Salt River,Maricopa,Arizona,-111.87304,33.4408,2026-04-23,16,CO2-EVS,Culex tarsalis,female,Females - Mixed,52,,,4776371,MCVC,2026-04-23,PCR,WNV,Confirmed
MCVC,268826,2026,2065775,614,RT577,1541 W BUTLER DR,PHOENIX,85021,"Maricopa County (Arizona, USA)",614,RT577,1541 W BUTLER DR,PHOENIX,85021,"Maricopa County (Arizona, USA)",,,Phoenix,0,Phoenix,Maricopa,Arizona,-112.09271,33.55935,2026-04-15,15,CO2-EVS,Culex quinquefasciatus,female,Females - Mixed,13,,,4771342,MCVC,2026-04-15,PCR,WNV,Confirmed
MCVC,268873,2026,2068681,243,RT146,16014 S 44TH STREET (ACROSS STREET),PHOENIX,85048,"Maricopa County (Arizona, USA)",243,RT146,16014 S 44TH STREET (ACROSS STREET),PHOENIX,85048,"Maricopa County (Arizona, USA)",,,Phoenix,0,Phoenix,Maricopa,Arizona,-111.98886,33.30053,2026-04-24,16,CO2-EVS,Culex tarsalis,female,Females - Mixed,2,,,4776577,MCVC,2026-04-24,PCR,WNV,Confirmed
MCVC,268880,2026,2068379,627,RT59,11644 N 25TH AVE,PHOENIX,85029,"Maricopa County (Arizona, USA)",627,RT59,11644 N 25TH AVE,PHOENIX,85029,"Maricopa County (Arizona, USA)",,,Phoenix,0,Phoenix,Maricopa,Arizona,-112.10898,33.58761,2026-04-21,16,CO2-EVS,Culex tarsalis,female,Females - Mixed,12,,,4775957,MCVC,2026-04-22,PCR,WNV,Confirmed
MCVC,268890,2026,2068519,441,RT385,2247 W MANDALAY LN,PHOENIX,85023,"Maricopa County (Arizona, USA)",441,RT385,2247 W MANDALAY LN,PHOENIX,85023,"Maricopa County (Arizona, USA)",,,Phoenix,0,Phoenix,Maricopa,Arizona,-112.10878,33.61855,2026-04-23,16,CO2-EVS,Culex tarsalis,female,Females - Mixed,2,,,4776245,MCVC,2026-04-24,PCR,WNV,Confirmed
MCVC,268897,2026,2068386,523,RT483,SWC OF N COYOTE LAKES & N 115TH DR,SURPRISE,85374,"Maricopa County (Arizona, USA)",523,RT483,SWC OF N COYOTE LAKES & N 115TH DR,SURPRISE,85374,"Maricopa County (Arizona, USA)",,,Surprise,0,Phoenix,Maricopa,Arizona,-112.30791,33.65905,2026-04-21,16,CO2-EVS,Culex tarsalis,female,Females - Mixed,38,,,4775971,MCVC,2026-04-22,PCR,WNV,Confirmed
MCVC,268935,2026,2068736,958,RT94,SWC OF 2825 E CAMPBELL RD,GILBERT,85234,"Maricopa County (Arizona, USA)",958,RT94,SWC OF 2825 E CAMPBELL RD,GILBERT,85234,"Maricopa County (Arizona, USA)",,,Gilbert,0,Phoenix,Maricopa,Arizona,-111.73002,33.35754,2026-04-21,16,CO2-EVS,Culex tarsalis,female,Females - Mixed,1,,,4776692,MCVC,2026-04-21,PCR,SLEV,Confirmed
MCVC,269298,2026,2068325,523,RT483,SWC OF N COYOTE LAKES & N 115TH DR,SURPRISE,85374,"Maricopa County (Arizona, USA)",523,RT483,SWC OF N COYOTE LAKES & N 115TH DR,SURPRISE,85374,"Maricopa County (Arizona, USA)",,,Surprise,0,Phoenix,Maricopa,Arizona,-112.30791,33.65905,2026-04-21,16,CO2-EVS,Culex quinquefasciatus,female,Females - Mixed,4,,,4775846,MCVC,2026-04-22,PCR,WNV,Confirmed
MCVC,269300,2026,2068392,730,RT711,4565 N GRANITE REEF,SCOTTSDALE,85251,"Maricopa County (Arizona, USA)",730,RT711,4565 N GRANITE REEF,SCOTTSDALE,85251,"Maricopa County (Arizona, USA)",,,Scottsdale,0,Phoenix,Maricopa,Arizona,-111.90012,33.50324,2026-04-23,16,CO2-EVS,Culex tarsalis,female,Females - Mixed,3,,,4775983,MCVC,2026-04-23,PCR,WNV,Confirmed
MCVC,269309,2026,2065983,826,RT809,8916 N 94TH AVE,PEORIA,85345,"Maricopa County (Arizona, USA)",826,RT809,8916 N 94TH AVE,PEORIA,85345,"Maricopa County (Arizona, USA)",,,Peoria,0,Phoenix,Maricopa,Arizona,-112.26353,33.55939,2026-04-15,15,CO2-EVS,Culex tarsalis,female,Females - Mixed,1,,,4771779,MCVC,2026-04-15,PCR,WNV,Confirmed
MCVC,269334,2026,2068411,639,RT60,3021 W PARADISE LN,PHOENIX,85053,"Maricopa County (Arizona, USA)",639,RT60,3021 W PARADISE LN,PHOENIX,85053,"Maricopa County (Arizona, USA)",,,Phoenix,0,Phoenix,Maricopa,Arizona,-112.12288,33.63238,2026-04-24,16,CO2-EVS,Culex tarsalis,female,Females - Mixed,5,,,4776021,MCVC,2026-04-24,PCR,WNV,Confirmed
MCVC,269356,2026,2065969,536,RT495,3514 W GROVE ST,PHOENIX,85041,"Maricopa County (Arizona, USA)",536,RT495,3514 W GROVE ST,PHOENIX,85041,"Maricopa County (Arizona, USA)",,,Phoenix,0,Phoenix,Maricopa,Arizona,-112.14178,33.39894,2026-04-15,15,CO2-EVS,Culex tarsalis,female,Females - Mixed,1,,,4771749,MCVC,2026-04-15,PCR,WNV,Confirmed
MCVC,269379,2026,2068627,884,RT869,4701 N 31ST DR,PHOENIX,85017,"Maricopa County (Arizona, USA)",884,RT869,4701 N 31ST DR,PHOENIX,85017,"Maricopa County (Arizona, USA)",,,Phoenix,0,Phoenix,Maricopa,Arizona,-112.1252,33.50113,2026-04-22,16,CO2-EVS,Culex tarsalis,female,Females - Mixed,2,,,4776468,MCVC,2026-04-22,PCR,SLEV,Confirmed
MCVC,269385,2026,2068698,448,RT397,BEHIND 1530 N COUNTRY CLUB DR,MESA,85201,"Maricopa County (Arizona, USA)",448,RT397,BEHIND 1530 N COUNTRY CLUB DR,MESA,85201,"Maricopa County (Arizona, USA)",,,Mesa,0,Phoenix,Maricopa,Arizona,-111.84925,33.44198,2026-04-22,16,CO2-EVS,Culex tarsalis,female,Females - Mixed,3,,,4776611,MCVC,2026-04-22,PCR,SLEV,Confirmed
MCVC,269400,2026,2068295,892,RT876,7732 E 4TH ST,SCOTTSDALE,85251,"Maricopa County (Arizona, USA)",892,RT876,7732 E 4TH ST,SCOTTSDALE,85251,"Maricopa County (Arizona, USA)",,,Scottsdale,0,Phoenix,Maricopa,Arizona,-111.91649,33.48576,2026-04-23,16,CO2-EVS,Culex quinquefasciatus,female,Females - Mixed,3,,,4775783,MCVC,2026-04-23,PCR,WNV,Confirmed
MCVC,269412,2026,2068385,313,RT244,S SIDE OF RIVER BY INLET,SRPMIC,85256,"Maricopa County (Arizona, USA)",313,RT244,S SIDE OF RIVER BY INLET,SRPMIC,85256,"Maricopa County (Arizona, USA)",,,Mesa,0,Salt River,Maricopa,Arizona,-111.887,33.43954,2026-04-23,16,CO2-EVS,Culex tarsalis,female,Females - Mixed,85,,,4775969,MCVC,2026-04-23,PCR,WNV,Confirmed
MCVC,269454,2026,2068312,614,RT577,1541 W BUTLER DR,PHOENIX,85021,"Maricopa County (Arizona, USA)",614,RT577,1541 W BUTLER DR,PHOENIX,85021,"Maricopa County (Arizona, USA)",,,Phoenix,0,Phoenix,Maricopa,Arizona,-112.09271,33.55935,2026-04-22,16,CO2-EVS,Culex quinquefasciatus,female,Females - Mixed,13,,,4775817,MCVC,2026-04-22,PCR,WNV,Confirmed
MCVC,269514,2026,2079126,261,RT169,NEC OF KNOX RD & MCKEMY,TEMPE,85284,"Maricopa County (Arizona, USA)",261,RT169,NEC OF KNOX RD & MCKEMY,TEMPE,85284,"Maricopa County (Arizona, USA)",,,Tempe,0,Chandler,Maricopa,Arizona,-111.95135,33.32736,2026-05-06,18,CO2-EVS,Culex quinquefasciatus,female,Females - Mixed,1,,,4816845,MCVC,2026-05-06,PCR,WNV,Confirmed
MCVC,269515,2026,2083149,544,RT502,W OF RT241 ACROSS IRRIGATION DITCH,MESA,85201,"Maricopa County (Arizona, USA)",544,RT502,W OF RT241 ACROSS IRRIGATION DITCH,MESA,85201,"Maricopa County (Arizona, USA)",,,Mesa,0,Salt River,Maricopa,Arizona,-111.88892,33.44008,2026-05-12,19,CO2-EVS,Culex tarsalis,female,Females - Mixed,37,,,4826925,MCVC,2026-05-12,PCR,WNV,Confirmed
MCVC,269534,2026,2079008,623,RT586,4432 N 30TH ST. EAST OF,PHOENIX,85016,"Maricopa County (Arizona, USA)",623,RT586,4432 N 30TH ST. EAST OF,PHOENIX,85016,"Maricopa County (Arizona, USA)",,,Phoenix,0,Phoenix,Maricopa,Arizona,-112.01957,33.50063,2026-05-06,18,CO2-EVS,Culex quinquefasciatus,female,Females - Mixed,2,,,4816605,MCVC,2026-05-06,PCR,WNV,Confirmed
MCVC,269539,2026,2083051,1053,RT1013,3589 S ALLEN RD,GILBERT,85296,"Maricopa County (Arizona, USA)",1053,RT1013,3589 S ALLEN RD,GILBERT,85296,"Maricopa County (Arizona, USA)",,,Gilbert,0,Chandler,Maricopa,Arizona,-111.784476,33.285735,2026-05-12,19,CO2-EVS,Culex quinquefasciatus,female,Females - Mixed,177,,,4826723,MCVC,2026-05-12,PCR,WNV,Confirmed
MCVC,269546,2026,2079138,1055,RT1015,3757  N NEVADA ST,CHANDLER,85225,"Maricopa County (Arizona, USA)",1055,RT1015,3757  N NEVADA ST,CHANDLER,85225,"Maricopa County (Arizona, USA)",,,Chandler,0,Phoenix,Maricopa,Arizona,-111.834272,33.360286,2026-05-06,18,CO2-EVS,Culex quinquefasciatus,female,Females - Mixed,2,,,4816869,MCVC,2026-05-06,PCR,SLEV,Confirmed
MCVC,269559,2026,2083161,1070,RT1027,ONZA AVE & RAVEN ST,MESA,85212,"Maricopa County (Arizona, USA)",1070,RT1027,ONZA AVE & RAVEN ST,MESA,85212,"Maricopa County (Arizona, USA)",,,Mesa,0,Phoenix,Maricopa,Arizona,-111.676304,33.363007,2026-05-12,19,CO2-EVS,Culex tarsalis,female,Females - Mixed,1,,,4826951,MCVC,2026-05-12,PCR,WNV,Confirmed
MCVC,269569,2026,2083297,313,RT244,S SIDE OF RIVER BY INLET,SRPMIC,85256,"Maricopa County (Arizona, USA)",313,RT244,S SIDE OF RIVER BY INLET,SRPMIC,85256,"Maricopa County (Arizona, USA)",,,Mesa,0,Salt River,Maricopa,Arizona,-111.887,33.43954,2026-05-12,19,CO2-EVS,Culex tarsalis,female,Females - Mixed,60,,,4827233,MCVC,2026-05-12,PCR,WNV,Confirmed
MCVC,269573,2026,2068588,325,RT261,NEC OF 95TH AVE & ELWOOD ST,TOLLESON,85353,"Maricopa County (Arizona, USA)",325,RT261,NEC OF 95TH AVE & ELWOOD ST,TOLLESON,85353,"Maricopa County (Arizona, USA)",,,Phoenix,0,Phoenix,Maricopa,Arizona,-112.26365,33.41046,2026-04-24,16,CO2-EVS,Culex tarsalis,female,Females - Mixed,6,,,4776386,MCVC,2026-04-24,PCR,WNV,Confirmed
MCVC,269576,2026,2083121,225,RT121,BEHIND 8410 W HAMSTER LN,TOLLESON,85353,"Maricopa County (Arizona, USA)",225,RT121,BEHIND 8410 W HAMSTER LN,TOLLESON,85353,"Maricopa County (Arizona, USA)",,,Phoenix,0,Phoenix,Maricopa,Arizona,-112.24646,33.42785,2026-05-14,19,CO2-EVS,Culex tarsalis,female,Females - Mixed,1,,,4826869,MCVC,2026-05-14,PCR,SLEV,Confirmed
MCVC,269605,2026,2079281,435,RT379,W OF 14393 N 100TH WY,SCOTTSDALE,85260,"Maricopa County (Arizona, USA)",435,RT379,W OF 14393 N 100TH WY,SCOTTSDALE,85260,"Maricopa County (Arizona, USA)",,,Scottsdale,0,Phoenix,Maricopa,Arizona,-111.86581,33.61685,2026-05-07,18,CO2-EVS,Culex quinquefasciatus,female,Females - Mixed,1,,,4817172,MCVC,2026-05-07,PCR,WNV,Confirmed
MCVC,269622,2026,2083003,1053,RT1013,3589 S ALLEN RD,GILBERT,85296,"Maricopa County (Arizona, USA)",1053,RT1013,3589 S ALLEN RD,GILBERT,85296,"Maricopa County (Arizona, USA)",,,Gilbert,0,Chandler,Maricopa,Arizona,-111.784476,33.285735,2026-05-12,19,CO2-EVS,Culex quinquefasciatus,female,Females - Mixed,177,,,4826622,MCVC,2026-05-12,PCR,WNV,Confirmed
MCVC,269629,2026,2082963,510,RT465,NE OF 5121 E LA PUENTE AVE,PHOENIX,85044,"Maricopa County (Arizona, USA)",510,RT465,NE OF 5121 E LA PUENTE AVE,PHOENIX,85044,"Maricopa County (Arizona, USA)",,,Phoenix,0,Phoenix,Maricopa,Arizona,-111.97249,33.35675,2026-05-12,19,CO2-EVS,Culex tarsalis,female,Females - Mixed,1,,,4826538,MCVC,2026-05-12,PCR,WNV,Confirmed
MCVC,269655,2026,2079083,685,RT660,E OF 576 N SAGUARO ST,CHANDLER,85224,"Maricopa County (Arizona, USA)",685,RT660,E OF 576 N SAGUARO ST,CHANDLER,85224,"Maricopa County (Arizona, USA)",,,Chandler,0,Chandler,Maricopa,Arizona,-111.86787,33.31328,2026-05-07,18,CO2-EVS,Culex quinquefasciatus,female,Females - Mixed,3,,,4816756,MCVC,2026-05-07,PCR,WNV,Confirmed
MCVC,269670,2026,2079100,550,RT510,SWC OF WOODGLEN PARK,MESA,85210,"Maricopa County (Arizona, USA)",550,RT510,SWC OF WOODGLEN PARK,MESA,85210,"Maricopa County (Arizona, USA)",,,Mesa,0,Phoenix,Maricopa,Arizona,-111.85609,33.37176,2026-05-06,18,CO2-EVS,Culex tarsalis,female,Females - Mixed,2,,,4816792,MCVC,2026-05-06,PCR,WNV,Confirmed
MCVC,269708,2026,2079163,1121,RT1035,SEC OF WILDROSE & KIOWA - IN PARK,MESA,85209,"Maricopa County (Arizona, USA)",1121,RT1035,SEC OF WILDROSE & KIOWA - IN PARK,MESA,85209,"Maricopa County (Arizona, USA)",,,Mesa,0,Phoenix,Maricopa,Arizona,-111.610618,33.375983,2026-05-05,18,CO2-EVS,Culex tarsalis,female,Females - Mixed,1,,,4816920,MCVC,2026-05-05,PCR,WNV,Confirmed
MCVC,269726,2026,2068376,469,RT419,N OF 16213 E FRYE RD,GILBERT,85295,"Maricopa County (Arizona, USA)",469,RT419,N OF 16213 E FRYE RD,GILBERT,85295,"Maricopa County (Arizona, USA)",,,Gilbert,0,Chandler,Maricopa,Arizona,-111.73312,33.29982,2026-04-24,16,CO2-EVS,Culex quinquefasciatus,female,Females - Mixed,4,,,4775951,MCVC,2026-04-24,PCR,WNV,Confirmed
MCVC,269732,2026,2079204,755,RT737,8506 N WOODSHIRE PL,SCOTTSDALE,85258,"Maricopa County (Arizona, USA)",755,RT737,8506 N WOODSHIRE PL,SCOTTSDALE,85258,"Maricopa County (Arizona, USA)",,,Scottsdale,0,Phoenix,Maricopa,Arizona,-111.91794,33.56044,2026-05-08,18,CO2-EVS,Culex quinquefasciatus,female,Females - Mixed,2,,,4817008,MCVC,2026-05-08,PCR,WNV,Confirmed
MCVC,269743,2026,2082985,661,RT630,S OF 3418 E APPLEBY DR,GILBERT,85298,"Maricopa County (Arizona, USA)",661,RT630,S OF 3418 E APPLEBY DR,GILBERT,85298,"Maricopa County (Arizona, USA)",,,Gilbert,0,Chandler,Maricopa,Arizona,-111.71294,33.25544,2026-05-12,19,CO2-EVS,Culex tarsalis,female,Females - Mixed,12,,,4826584,MCVC,2026-05-12,PCR,WNV,Confirmed
MCVC,269760,2026,2083293,850,RT838,E OF 2174 E OAKLAND ST,CHANDLER,85225,"Maricopa County (Arizona, USA)",850,RT838,E OF 2174 E OAKLAND ST,CHANDLER,85225,"Maricopa County (Arizona, USA)",,,Chandler,0,Chandler,Maricopa,Arizona,-111.79911,33.31169,2026-05-12,19,CO2-EVS,Culex tarsalis,female,Females - Mixed,1,,,4827225,MCVC,2026-05-13,PCR,WNV,Confirmed
MCVC,269775,2026,2079030,737,RT718,4708 N 21ST AVE.,PHOENIX,85015,"Maricopa County (Arizona, USA)",737,RT718,4708 N 21ST AVE.,PHOENIX,85015,"Maricopa County (Arizona, USA)",,,Phoenix,0,Phoenix,Maricopa,Arizona,-112.10851,33.50084,2026-05-06,18,CO2-EVS,Culex tarsalis,female,Females - Mixed,1,,,4816649,MCVC,2026-05-06,PCR,WNV,Confirmed
MCVC,269815,2026,2079223,655,RT62,2910 E ORAIBI DR,PHOENIX,85050,"Maricopa County (Arizona, USA)",655,RT62,2910 E ORAIBI DR,PHOENIX,85050,"Maricopa County (Arizona, USA)",,,Phoenix,0,Phoenix,Maricopa,Arizona,-112.02089,33.6637,2026-05-07,18,CO2-EVS,Culex quinquefasciatus,female,Females - Mixed,1,,,4817051,MCVC,2026-05-07,PCR,WNV,Confirmed
MCVC,269825,2026,2079069,589,RT550,GRENADINE & 22ND WAY (COPPERLEAF COMMUNITY PARK),PHOENIX,85040,"Maricopa County (Arizona, USA)",589,RT550,GRENADINE & 22ND WAY (COPPERLEAF COMMUNITY PARK),PHOENIX,85040,"Maricopa County (Arizona, USA)",,,Phoenix,0,Phoenix,Maricopa,Arizona,-112.04019,33.39728,2026-05-05,18,CO2-EVS,Culex quinquefasciatus,female,Females - Mixed,1,,,4816728,MCVC,2026-05-05,PCR,WNV,Confirmed
MCVC,269829,2026,2079322,719,RT699,16501 W NORTHERN AVE (WILDLIFE ZOO-W ENTRANCE),LITCHFIELD PARK,85340,"Maricopa County (Arizona, USA)",719,RT699,16501 W NORTHERN AVE (WILDLIFE ZOO-W ENTRANCE),LITCHFIELD PARK,85340,"Maricopa County (Arizona, USA)",,,Peoria,9955.217796,Phoenix,Maricopa,Arizona,-112.41473,33.55113,2026-05-07,18,CO2-EVS,Culex quinquefasciatus,female,Females - Mixed,2,,,4817260,MCVC,2026-05-07,PCR,WNV,Confirmed
MCVC,269830,2026,2079025,311,RT242,0.2 MILES W OF RT243,SRPMIC,85256,"Maricopa County (Arizona, USA)",311,RT242,0.2 MILES W OF RT243,SRPMIC,85256,"Maricopa County (Arizona, USA)",,,Mesa,151.281382,Salt River,Maricopa,Arizona,-111.87304,33.4408,2026-05-05,18,CO2-EVS,Culex tarsalis,female,Females - Mixed,17,,,4816639,MCVC,2026-05-05,PCR,WNV,Confirmed
MCVC,269833,2026,2079042,312,RT243,0.1 MILE WEST OF RT244,SRPMIC,85256,"Maricopa County (Arizona, USA)",312,RT243,0.1 MILE WEST OF RT244,SRPMIC,85256,"Maricopa County (Arizona, USA)",,,Mesa,0,Salt River,Maricopa,Arizona,-111.88615,33.44002,2026-05-05,18,CO2-EVS,Culex tarsalis,female,Females - Mixed,2,,,4816673,MCVC,2026-05-05,PCR,WNV,Confirmed
MCVC,269839,2026,2083019,846,RT834,1006 W BOSAL DR,GILBERT,85233,"Maricopa County (Arizona, USA)",846,RT834,1006 W BOSAL DR,GILBERT,85233,"Maricopa County (Arizona, USA)",,,Gilbert,0,Phoenix,Maricopa,Arizona,-111.81735,33.34181,2026-05-12,19,CO2-EVS,Culex quinquefasciatus,female,Females - Mixed,4,,,4826655,MCVC,2026-05-13,PCR,WNV,Confirmed
MCVC,269848,2026,2083106,515,RT471,1214 W LAIRD ST,TEMPE,85281,"Maricopa County (Arizona, USA)",515,RT471,1214 W LAIRD ST,TEMPE,85281,"Maricopa County (Arizona, USA)",,,Tempe,0,Phoenix,Maricopa,Arizona,-111.95716,33.42045,2026-05-12,19,CO2-EVS,Culex tarsalis,female,Females - Mixed,2,,,4826839,MCVC,2026-05-12,PCR,WNV,Confirmed
MCVC,269874,2026,2079271,855,RT842,751 S SIERRA,MESA,85204,"Maricopa County (Arizona, USA)",855,RT842,751 S SIERRA,MESA,85204,"Maricopa County (Arizona, USA)",,,Mesa,0,Phoenix,Maricopa,Arizona,-111.79553,33.4011,2026-05-06,18,CO2-EVS,Culex quinquefasciatus,female,Females - Mixed,2,,,4817150,MCVC,2026-05-06,PCR,WNV,Confirmed
MCVC,269911,2026,2083146,257,RT164,S OF 299 S KENWOOD LN,CHANDLER,85226,"Maricopa County (Arizona, USA)",257,RT164,S OF 299 S KENWOOD LN,CHANDLER,85226,"Maricopa County (Arizona, USA)",,,Chandler,0,Chandler,Maricopa,Arizona,-111.90289,33.2985,2026-05-12,19,CO2-EVS,Culex quinquefasciatus,female,Females - Mixed,3,,,4826919,MCVC,2026-05-13,PCR,WNV,Confirmed
MCVC,269930,2026,2079044,544,RT502,W OF RT241 ACROSS IRRIGATION DITCH,MESA,85201,"Maricopa County (Arizona, USA)",544,RT502,W OF RT241 ACROSS IRRIGATION DITCH,MESA,85201,"Maricopa County (Arizona, USA)",,,Mesa,0,Salt River,Maricopa,Arizona,-111.88892,33.44008,2026-05-05,18,CO2-EVS,Culex tarsalis,female,Females - Mixed,23,,,4816677,MCVC,2026-05-05,PCR,WNV,Confirmed
MCVC,269945,2026,2079079,971,RT956,SWC OF OCOTILLO & 85TH AVE,GLENDALE,85305,"Maricopa County (Arizona, USA)",971,RT956,SWC OF OCOTILLO & 85TH AVE,GLENDALE,85305,"Maricopa County (Arizona, USA)",,,Glendale,0,Phoenix,Maricopa,Arizona,-112.24301,33.53143,2026-05-05,18,CO2-EVS,Culex tarsalis,female,Females - Mixed,1,,,4816748,MCVC,2026-05-05,PCR,SLEV,Confirmed
MCVC,269947,2026,2079024,5715,RT1074,2053 W KINFIELD TRL,PHOENIX,85085,"Maricopa County (Arizona, USA)",5715,RT1074,2053 W KINFIELD TRL,PHOENIX,85085,"Maricopa County (Arizona, USA)",,,Phoenix,0,Deer Valley,Maricopa,Arizona,-112.104008,33.715767,2026-05-05,18,CO2-EVS,Culex quinquefasciatus,female,Females - Mixed,1,,,4816637,MCVC,2026-05-05,PCR,WNV,Confirmed
MCVC,2610023,2026,2079096,1053,RT1013,3589 S ALLEN RD,GILBERT,85296,"Maricopa County (Arizona, USA)",1053,RT1013,3589 S ALLEN RD,GILBERT,85296,"Maricopa County (Arizona, USA)",,,Gilbert,0,Chandler,Maricopa,Arizona,-111.784476,33.285735,2026-05-06,18,CO2-EVS,Culex tarsalis,female,Females - Mixed,6,,,4816784,MCVC,2026-05-06,PCR,WNV,Confirmed
MCVC,2610071,2026,2083268,593,RT555,FAIRFIELD ST & 40TH ST,MESA,85205,"Maricopa County (Arizona, USA)",593,RT555,FAIRFIELD ST & 40TH ST,MESA,85205,"Maricopa County (Arizona, USA)",,,Mesa,0,Phoenix,Maricopa,Arizona,-111.74409,33.42887,2026-05-12,19,CO2-EVS,Culex quinquefasciatus,female,Females - Mixed,9,,,4827172,MCVC,2026-05-12,PCR,WNV,Confirmed
MCVC,2610095,2026,2082981,5715,RT1074,2053 W KINFIELD TRL,PHOENIX,85085,"Maricopa County (Arizona, USA)",5715,RT1074,2053 W KINFIELD TRL,PHOENIX,85085,"Maricopa County (Arizona, USA)",,,Phoenix,0,Deer Valley,Maricopa,Arizona,-112.104008,33.715767,2026-05-14,19,CO2-EVS,Culex quinquefasciatus,female,Females - Mixed,1,,,4826576,MCVC,2026-05-14,PCR,WNV,Confirmed
MCVC,2610099,2026,2083209,429,RT373,W OF 2525 E HARTFORD AVE,PHOENIX,85032,"Maricopa County (Arizona, USA)",429,RT373,W OF 2525 E HARTFORD AVE,PHOENIX,85032,"Maricopa County (Arizona, USA)",,,Phoenix,0,Phoenix,Maricopa,Arizona,-112.02018,33.64534,2026-05-14,19,CO2-EVS,Culex quinquefasciatus,female,Females - Mixed,1,,,4827051,MCVC,2026-05-14,PCR,WNV,Confirmed
MCVC,2610122,2026,2079239,639,RT60,3021 W PARADISE LN,PHOENIX,85053,"Maricopa County (Arizona, USA)",639,RT60,3021 W PARADISE LN,PHOENIX,85053,"Maricopa County (Arizona, USA)",,,Phoenix,0,Phoenix,Maricopa,Arizona,-112.12288,33.63238,2026-05-08,18,CO2-EVS,Culex tarsalis,female,Females - Mixed,2,,,4817085,MCVC,2026-05-08,PCR,WNV,Confirmed
MCVC,2610158,2026,2083200,323,RT26,1753 S SANDSTONE ST,GILBERT,85295,"Maricopa County (Arizona, USA)",323,RT26,1753 S SANDSTONE ST,GILBERT,85295,"Maricopa County (Arizona, USA)",,,Gilbert,0,Chandler,Maricopa,Arizona,-111.76533,33.31318,2026-05-13,19,CO2-EVS,Culex quinquefasciatus,female,Females - Mixed,19,,,4827033,MCVC,2026-05-13,PCR,SLEV,Confirmed
MCVC,2610161,2026,2079010,499,RT452,2301 W FREEWAY LN,PHOENIX,85021,"Maricopa County (Arizona, USA)",499,RT452,2301 W FREEWAY LN,PHOENIX,85021,"Maricopa County (Arizona, USA)",,,Phoenix,0,Phoenix,Maricopa,Arizona,-112.10846,33.5617,2026-05-07,18,CO2-EVS,Culex quinquefasciatus,female,Females - Mixed,5,,,4816609,MCVC,2026-05-07,PCR,WNV,Confirmed
MCVC,2610177,2026,2083238,450,RT399,N OF 950 W 8TH AVE (IN PARK),MESA,85210,"Maricopa County (Arizona, USA)",450,RT399,N OF 950 W 8TH AVE (IN PARK),MESA,85210,"Maricopa County (Arizona, USA)",,,Mesa,0,Phoenix,Maricopa,Arizona,-111.85194,33.40176,2026-05-13,19,CO2-EVS,Culex tarsalis,female,Females - Mixed,1,,,4827111,MCVC,2026-05-13,PCR,SLEV,Confirmed
MCVC,2610180,2026,2079103,905,RT889,6230 W GAMBIT TR,PHOENIX,85083,"Maricopa County (Arizona, USA)",905,RT889,6230 W GAMBIT TR,PHOENIX,85083,"Maricopa County (Arizona, USA)",,,Phoenix,0,Deer Valley,Maricopa,Arizona,-112.1943,33.73566,2026-05-07,18,CO2-EVS,Culex quinquefasciatus,female,Females - Mixed,1,,,4816799,MCVC,2026-05-07,PCR,WNV,Confirmed
MCVC,2610212,2026,2079306,1044,RT1004,15016 N 10TH ST,PHOENIX,85022,"Maricopa County (Arizona, USA)",1044,RT1004,15016 N 10TH ST,PHOENIX,85022,"Maricopa County (Arizona, USA)",,,Phoenix,0,Phoenix,Maricopa,Arizona,-112.060474,33.622736,2026-05-08,18,CO2-EVS,Culex quinquefasciatus,female,Females - Mixed,2,,,4817227,MCVC,2026-05-08,PCR,WNV,Confirmed
MCVC,2610268,2026,2079067,886,RT870,2440 W CITRUS WAY,PHOENIX,85015,"Maricopa County (Arizona, USA)",886,RT870,2440 W CITRUS WAY,PHOENIX,85015,"Maricopa County (Arizona, USA)",,,Phoenix,0,Phoenix,Maricopa,Arizona,-112.10584,33.53114,2026-05-06,18,CO2-EVS,Culex tarsalis,female,Females - Mixed,2,,,4816724,MCVC,2026-05-06,PCR,WNV,Confirmed
MCVC,2610270,2026,2082972,580,RT542,W OF 6406 E ELMWOOD ST,MESA,85205,"Maricopa County (Arizona, USA)",580,RT542,W OF 6406 E ELMWOOD ST,MESA,85205,"Maricopa County (Arizona, USA)",,,Mesa,401.9848224,Phoenix,Maricopa,Arizona,-111.69232,33.42826,2026-05-12,19,CO2-EVS,Culex tarsalis,female,Females - Mixed,7,,,4826557,MCVC,2026-05-12,PCR,WNV,Confirmed
MCVC,2610274,2026,2082999,254,RT159,SEC OF CHOLLA ST & 100TH ST,SCOTTSDALE,85260,"Maricopa County (Arizona, USA)",254,RT159,SEC OF CHOLLA ST & 100TH ST,SCOTTSDALE,85260,"Maricopa County (Arizona, USA)",,,Scottsdale,0,Phoenix,Maricopa,Arizona,-111.865,33.58964,2026-05-12,19,CO2-EVS,Culex tarsalis,female,Females - Mixed,1,,,4826613,MCVC,2026-05-12,PCR,WNV,Confirmed
MCVC,2610281,2026,2079217,1051,RT1011,6998 S LAKESHORE DR,TEMPE,85283,"Maricopa County (Arizona, USA)",1051,RT1011,6998 S LAKESHORE DR,TEMPE,85283,"Maricopa County (Arizona, USA)",,,Tempe,0,Phoenix,Maricopa,Arizona,-111.919767,33.357049,2026-05-07,18,CO2-EVS,Culex quinquefasciatus,female,Females - Mixed,3,,,4817038,MCVC,2026-05-07,PCR,WNV,Confirmed
MCVC,2610287,2026,2083194,623,RT586,4432 N 30TH ST. EAST OF,PHOENIX,85016,"Maricopa County (Arizona, USA)",623,RT586,4432 N 30TH ST. EAST OF,PHOENIX,85016,"Maricopa County (Arizona, USA)",,,Phoenix,0,Phoenix,Maricopa,Arizona,-112.01957,33.50063,2026-05-15,19,CO2-EVS,Culex quinquefasciatus,female,Females - Mixed,6,,,4827021,MCVC,2026-05-15,PCR,WNV,Confirmed
MCVC,2610349,2026,2079158,394,RT339,13426 N 74TH LN,PEORIA,85381,"Maricopa County (Arizona, USA)",394,RT339,13426 N 74TH LN,PEORIA,85381,"Maricopa County (Arizona, USA)",,,Peoria,0,Phoenix,Maricopa,Arizona,-112.21955,33.60806,2026-05-08,18,CO2-EVS,Culex quinquefasciatus,female,Females - Mixed,1,,,4816910,MCVC,2026-05-08,PCR,SLEV,Confirmed
MCVC,2610421,2026,2079183,567,RT529,W OF 3502 E HARRISON ST,GILBERT,85295,"Maricopa County (Arizona, USA)",567,RT529,W OF 3502 E HARRISON ST,GILBERT,85295,"Maricopa County (Arizona, USA)",,,Gilbert,0,Chandler,Maricopa,Arizona,-111.71304,33.31514,2026-05-07,18,CO2-EVS,Culex quinquefasciatus,female,Females - Mixed,10,,,4816962,MCVC,2026-05-07,PCR,WNV,Confirmed
MCVC,2610427,2026,2083266,347,RT290,UTILITY EASEMENT N OF MESQUITE ST & 31ST ST,GILBERT,85296,"Maricopa County (Arizona, USA)",347,RT290,UTILITY EASEMENT N OF MESQUITE ST & 31ST ST,GILBERT,85296,"Maricopa County (Arizona, USA)",,,Gilbert,0,Phoenix,Maricopa,Arizona,-111.76439,33.34332,2026-05-13,19,CO2-EVS,Culex tarsalis,female,Females - Mixed,1,,,4827168,MCVC,2026-05-13,PCR,SLEV,Confirmed
MCVC,2610446,2026,2083011,499,RT452,2301 W FREEWAY LN,PHOENIX,85021,"Maricopa County (Arizona, USA)",499,RT452,2301 W FREEWAY LN,PHOENIX,85021,"Maricopa County (Arizona, USA)",,,Phoenix,0,Phoenix,Maricopa,Arizona,-112.10846,33.5617,2026-05-13,19,CO2-EVS,Culex quinquefasciatus,female,Females - Mixed,8,,,4826638,MCVC,2026-05-13,PCR,WNV,Confirmed
MCVC,2610448,2026,2083263,331,RT270,S OF 5245 W BOWKER ST,LAVEEN,85339,"Maricopa County (Arizona, USA)",331,RT270,S OF 5245 W BOWKER ST,LAVEEN,85339,"Maricopa County (Arizona, USA)",,,Phoenix,0,Phoenix,Maricopa,Arizona,-112.17245,33.39592,2026-05-12,19,CO2-EVS,Culex tarsalis,female,Females - Mixed,1,,,4827162,MCVC,2026-05-12,PCR,WNV,Confirmed
MCVC,2610460,2026,2082961,361,RT304,9826 N 47TH AVE,PHOENIX,85302,"Maricopa County (Arizona, USA)",361,RT304,9826 N 47TH AVE,PHOENIX,85302,"Maricopa County (Arizona, USA)",,,Glendale,0,Phoenix,Maricopa,Arizona,-112.15787,33.57483,2026-05-13,19,CO2-EVS,Culex tarsalis,female,Females - Mixed,1,,,4826534,MCVC,2026-05-13,PCR,WNV,Confirmed
MCVC,2610470,2026,2083063,282,RT2,1426 S EXTENSION RD,MESA,85210,"Maricopa County (Arizona, USA)",282,RT2,1426 S EXTENSION RD,MESA,85210,"Maricopa County (Arizona, USA)",,,Mesa,0,Phoenix,Maricopa,Arizona,-111.8495,33.38924,2026-05-13,19,CO2-EVS,Culex tarsalis,female,Females - Mixed,1,,,4826748,MCVC,2026-05-13,PCR,SLEV,Confirmed
PIMA,260030,2026,2086526,2600,2511 W Sweetwater,,Tucson,85745,"Pima County (Arizona, USA)",2600,2511 W Sweetwater,,Tucson,85745,"Pima County (Arizona, USA)",,,Tucson,0,Tucson,Pima,Arizona,-111.020481,32.278407,2026-05-12,19,CO2-EVS,Culex quinquefasciatus,female,Females - Mixed,19,,,4833359,PIMA,2026-05-14,PCR,WNV,Confirmed
PIMA,260036,2026,2086530,260020,7975 E Stella Rd,,Tucson,85730,"Pima County (Arizona, USA)",260020,7975 E Stella Rd,,Tucson,85730,"Pima County (Arizona, USA)",,,Tucson,0,Tucson,Pima,Arizona,-110.822251,32.185238,2026-05-13,19,CO2-EVS,Culex quinquefasciatus,female,Females - Mixed,4,,,4833367,PIMA,2026-05-15,PCR,WNV,Confirmed
PIMA,260037,2026,2086531,260020,7975 E Stella Rd,,Tucson,85730,"Pima County (Arizona, USA)",260020,7975 E Stella Rd,,Tucson,85730,"Pima County (Arizona, USA)",,,Tucson,0,Tucson,Pima,Arizona,-110.822251,32.185238,2026-05-13,19,CO2-EVS,Culex tarsalis,female,Females - Mixed,14,,,4833369,PIMA,2026-05-15,PCR,WNV,Confirmed
PIMA,260040,2026,2086534,2891,3400 Zoo Court - Admin Bird Ruins,,Tucson,85716,"Pima County (Arizona, USA)",2891,3400 Zoo Court - Admin Bird Ruins,,Tucson,85716,"Pima County (Arizona, USA)",,,Tucson,0,Tucson,Pima,Arizona,-110.919224,32.20901,2026-05-14,19,CO2-EVS,Culex tarsalis,female,Females - Mixed,3,,,4833375,PIMA,2026-05-16,PCR,WNV,Confirmed
PINL,65,2026,2082619,157,Blossom Rock Subdivision,Dutchman and Welcome Wy.,Apache Junction,85120,"Pinal County (Arizona, USA)",157,Blossom Rock Subdivision,Dutchman and Welcome Wy.,Apache Junction,85120,"Pinal County (Arizona, USA)",,,Apache Junction,2834.382844,North Pinal,Pinal,Arizona,-111.554839,33.325468,2026-05-15,19,CO2,Culex quinquefasciatus,female,Females - Unfed,5,,SG2B-D19,4825848,PINL,2026-05-15,RAMP,WNV,Confirmed
YPAD,150,2026,2075612,6,YEW N. Side 2 1/4 E Trap 1,,Yuma,,"Yuma County (Arizona, USA)",6,YEW N. Side 2 1/4 E Trap 1,,Yuma,,"Yuma County (Arizona, USA)",,,Yuma,580.9677296,Yuma,Yuma,Arizona,-114.59464,32.72569,2026-04-27,17,CO2-EVS,Culex erythrothorax,female,Females - Unfed,50,,,4808818,In-house,2026-04-29,RTPCR,SLEV,Confirmed
YPAD,165,2026,2075627,10,YEW West Gate Trap 5,,Yuma,,"Yuma County (Arizona, USA)",10,YEW West Gate Trap 5,,Yuma,,"Yuma County (Arizona, USA)",,,Yuma,0,Yuma,Yuma,Arizona,-114.61064,32.72395,2026-04-27,17,CO2-EVS,Culex tarsalis,female,Females - Unfed,50,,,4808848,In-house,2026-04-29,RTPCR,SLEV,Confirmed
YPAD,199,2026,2080552,6,YEW N. Side 2 1/4 E Trap 1,,Yuma,,"Yuma County (Arizona, USA)",6,YEW N. Side 2 1/4 E Trap 1,,Yuma,,"Yuma County (Arizona, USA)",,,Yuma,580.9677296,Yuma,Yuma,Arizona,-114.59464,32.72569,2026-05-11,19,CO2-EVS,Culex tarsalis,female,Females - Unfed,50,,,4824924,In-house,2026-05-14,RTPCR,SLEV,Confirmed
YPAD,204,2026,2080560,8,YEW N. Side Quechan Boat Ramp Trap 3,,Yuma,,"Yuma County (Arizona, USA)",8,YEW N. Side Quechan Boat Ramp Trap 3,,Yuma,,"Yuma County (Arizona, USA)",,,Yuma,772.5087901,Yuma,Yuma,Arizona,-114.60166,32.72864,2026-05-11,19,CO2-EVS,Culex tarsalis,female,Females - Unfed,50,,,4824934,In-house,2026-05-14,RTPCR,SLEV,Confirmed
YPAD,284,2026,2088203,55,Quechan- Sunrise Park Trees,,Yuma,,"Yuma County (Arizona, USA)",55,Quechan- Sunrise Park Trees,,,,"Yuma County (Arizona, USA)",,,Yuma,470.1454759,Yuma,Yuma,Arizona,-114.605278,32.727778,2026-05-26,21,CO2-EVS,Culex tarsalis,female,Females - Unfed,11,,,4837459,In-house,2026-05-27,RAMP,WNV,Confirmed
YPAD,285,2026,2088204,56,Quechan- Sunrise Pond,,Yuma,,"Yuma County (Arizona, USA)",56,Quechan- Sunrise Pond,,,,"Yuma County (Arizona, USA)",,,Yuma,259.1790456,Yuma,Yuma,Arizona,-114.614167,32.730556,2026-05-26,21,CO2-EVS,Culex tarsalis,female,Females - Unfed,17,,,4837460,In-house,2026-05-27,RAMP,WNV,Confirmed
YUMA,107,2026,2066618,009-02,Prison Hill Park,,Yuma,85364,"Yuma County (Arizona, USA)",009-02,Prison Hill Park,,Yuma,85364,"Yuma County (Arizona, USA)",,,Yuma,0,Yuma,Yuma,Arizona,-114.613212,32.725085,2026-04-21,16,CO2-EVS,Culex quinquefasciatus,female,Females - Unfed,27,,,4810936,ADHS,2026-04-28,RTPCR,WNV,Confirmed
YUMA,156,2026,2083782,009-05,Yuma East Wetlands @ Avebue 2E,,Yuma,85364,"Yuma County (Arizona, USA)",009-05,Yuma East Wetlands @ Avebue 2E,,Yuma,85364,"Yuma County (Arizona, USA)",,,Yuma,0,Yuma,Yuma,Arizona,-114.599876,32.717531,2026-05-19,20,CO2-EVS,Culex tarsalis,female,Females - Unfed,13,,,4834972,ADHS,2026-05-22,RTPCR,WNV,Confirmed
YUMA,157,2026,2083783,009-05,Yuma East Wetlands @ Avebue 2E,,Yuma,85364,"Yuma County (Arizona, USA)",009-05,Yuma East Wetlands @ Avebue 2E,,Yuma,85364,"Yuma County (Arizona, USA)",,,Yuma,0,Yuma,Yuma,Arizona,-114.599876,32.717531,2026-05-19,20,CO2-EVS,Culex quinquefasciatus,female,Females - Unfed,50,,,4834974,ADHS,2026-05-22,RTPCR,WNV,Confirmed
YUMA,161,2026,2083788,068-01,Hidden Shores,10300 Imperial Dam road,Yuma,85365,"Yuma County (Arizona, USA)",068-01,Hidden Shores,10300 Imperial Dam road,Yuma,85365,"Yuma County (Arizona, USA)",,,Martinez Lake,8792.679436,Yuma,Yuma,Arizona,-114.459419,32.87958,2026-05-19,20,CO2-EVS,Culex erythrothorax,female,Females - Unfed,50,,,4834982,ADHS,2026-05-22,RTPCR,WNV,Confirmed
YUMA,162,2026,2083790,064-01,Mittry lake Boat Ramp,,Yuma,85365,"Yuma County (Arizona, USA)",064-01,Mittry lake Boat Ramp,,Yuma,85365,"Yuma County (Arizona, USA)",,,Buckshot,8324.137917,Yuma,Yuma,Arizona,-114.471607,32.820618,2026-05-19,20,CO2-EVS,Culex erythrothorax,female,Females - Unfed,50,,,4834984,ADHS,2026-05-22,RTPCR,WNV,Confirmed
YUMA,163,2026,2083791,064-01,Mittry lake Boat Ramp,,Yuma,85365,"Yuma County (Arizona, USA)",064-01,Mittry lake Boat Ramp,,Yuma,85365,"Yuma County (Arizona, USA)",,,Buckshot,8324.137917,Yuma,Yuma,Arizona,-114.471607,32.820618,2026-05-19,20,CO2-EVS,Culex erythrothorax,female,Females - Unfed,50,,,4834986,ADHS,2026-05-22,RTPCR,WNV,Confirmed
YUMA,183,2026,2091299,013-01,3388w 15th Street,3388w 15th Street,yuma,85364,"Yuma County (Arizona, USA)",013-01,3388w 15th Street,3388w 15th Street,yuma,85364,"Yuma County (Arizona, USA)",,,Yuma,0,Yuma,Yuma,Arizona,-114.660548,32.701452,2026-06-02,22,CO2-EVS,Culex tarsalis,female,Females - Unfed,10,,,4854053,ADHS,2026-06-05,RTPCR,SLEV,Confirmed
